Datum,Produkt,Kategorie,Region,Menge,Preis
2025-02-02,Tastatur,Zubehör,Süd,8,46.42
2025-11-10,Monitor,Elektronik,West,1,239.61
2025-09-19,Tastatur,Zubehör,Nord,13,44.07
2025-06-14,Laptop,Elektronik,Ost,5,893.9
2025-07-19,Smartphone,Elektronik,Nord,1,483.71
2025-07-22,Maus,Zubehör,Ost,17,26.03
2025-09-13,Monitor,Elektronik,West,4,240.24
2025-11-22,Tastatur,Zubehör,Süd,4,41.72
2025-07-19,Laptop,Elektronik,Ost,5,913.58
2025-09-29,Smartphone,Elektronik,Süd,2,517.47
2025-10-18,Laptop,Elektronik,Nord,4,812.86
2025-06-23,Smartphone,Elektronik,Süd,5,547.68
2025-08-18,Tastatur,Zubehör,Süd,12,47.19
2025-10-31,Maus,Zubehör,Süd,9,25.73
2025-08-21,Laptop,Elektronik,Nord,5,889.02
2025-01-03,Tastatur,Zubehör,Ost,11,47.02
2025-07-22,Smartphone,Elektronik,Ost,1,487.93
2025-02-21,Smartphone,Elektronik,Süd,5,525.43
2025-01-29,Tastatur,Zubehör,Ost,9,45.43
2025-07-22,Tastatur,Zubehör,Nord,6,44.54
2025-12-25,Monitor,Elektronik,Süd,7,220.21
2025-11-08,Maus,Zubehör,Süd,4,24.17
2025-06-08,Tastatur,Zubehör,Ost,9,46.18
2025-10-14,Smartphone,Elektronik,West,3,492.29
2025-05-03,Laptop,Elektronik,Nord,4,844.82
2025-09-21,Tastatur,Zubehör,Süd,4,42.5
2025-07-01,Tastatur,Zubehör,Süd,4,43.57
2025-05-20,Tastatur,Zubehör,Süd,10,42.03
2025-05-06,Laptop,Elektronik,West,2,877.16
2025-11-28,Smartphone,Elektronik,West,2,543.19
2025-04-06,Tastatur,Zubehör,Süd,12,42.09
2025-04-10,Smartphone,Elektronik,Süd,6,495.24
2025-09-21,Monitor,Elektronik,Ost,4,243.12
2025-03-06,Laptop,Elektronik,Ost,4,840.76
2025-04-23,Tastatur,Zubehör,Ost,3,42.01
2025-08-26,Tastatur,Zubehör,Nord,7,
2025-03-10,Monitor,Elektronik,Nord,5,233.23
2025-02-07,Tastatur,Zubehör,West,4,45.58
2025-06-13,Monitor,Elektronik,Ost,3,246.87
2025-01-09,Smartphone,Elektronik,West,3,485.28
2025-04-11,Smartphone,Elektronik,Süd,3,525.97
2025-12-09,Smartphone,Elektronik,Süd,3,505.99
2025-07-18,Smartphone,Elektronik,Süd,2,547.15
2025-01-08,Laptop,Elektronik,Nord,5,857.35
2025-04-26,Laptop,Elektronik,Ost,1,871.68
2025-04-13,Tastatur,Zubehör,West,12,42.18
2025-08-13,Maus,Zubehör,Nord,7,25.22
2025-01-14,Smartphone,Elektronik,West,3,545.65
2025-12-18,Monitor,Elektronik,West,5,230.55
2025-04-17,Maus,Zubehör,West,7,23.66
2025-07-14,Laptop,Elektronik,Süd,5,903.27
2025-12-29,Laptop,Elektronik,West,4,903.51
2025-02-12,Smartphone,Elektronik,Süd,1,533.45
2025-10-09,Smartphone,Elektronik,Nord,3,540.53
2025-05-19,Monitor,Elektronik,West,7,216.12
2025-03-29,Laptop,Elektronik,Nord,5,806.38
2025-05-15,Smartphone,Elektronik,West,1,504.22
2025-03-13,Maus,Zubehör,West,16,25.0
2025-06-08,Laptop,Elektronik,Nord,1,799.93
2025-03-25,Laptop,Elektronik,Nord,4,850.86
2025-12-05,Tastatur,Zubehör,Ost,7,47.19
2025-03-14,Laptop,Elektronik,Ost,4,799.82
2025-06-08,Laptop,Elektronik,West,1,822.93
2025-05-26,Laptop,Elektronik,Ost,3,911.96
2025-07-10,Monitor,Elektronik,West,4,232.03
2025-01-10,Laptop,Elektronik,Nord,4,801.09
2025-10-01,Smartphone,Elektronik,West,1,556.03
2025-08-06,Tastatur,Zubehör,Süd,13,47.05
2025-11-06,Laptop,Elektronik,Nord,2,890.37
2025-10-30,Smartphone,Elektronik,Süd,2,528.82
2025-12-07,Maus,Zubehör,Ost,8,24.5
2025-05-31,Maus,Zubehör,Ost,10,26.47
2025-04-11,Smartphone,Elektronik,Nord,2,540.47
2025-03-28,Maus,Zubehör,Nord,17,23.27
2025-06-23,Smartphone,Elektronik,Nord,2,504.22
2025-10-29,Maus,Zubehör,West,5,23.66
2025-02-26,Monitor,Elektronik,Nord,4,212.38
2025-02-12,Tastatur,Zubehör,Nord,2,41.78
2025-06-06,Smartphone,Elektronik,Ost,5,504.86
2025-05-24,Maus,Zubehör,West,12,26.4
2025-07-15,Laptop,Elektronik,Nord,5,815.92
2025-03-28,Tastatur,Zubehör,Süd,9,41.75
2025-01-03,Monitor,Elektronik,Süd,7,242.27
2025-02-07,Laptop,Elektronik,West,1,795.48
2025-11-02,Maus,Zubehör,West,7,26.21
2025-12-24,Smartphone,Elektronik,Ost,5,543.21
2025-09-27,Laptop,Elektronik,Süd,2,898.63
2025-07-07,Maus,Zubehör,Süd,11,25.56
2025-04-02,Monitor,Elektronik,Nord,4,226.94
2025-06-24,Tastatur,Zubehör,Süd,5,44.04
2025-09-26,Monitor,Elektronik,Süd,2,222.53
2025-09-08,Tastatur,Zubehör,West,15,44.86
2025-10-09,Monitor,Elektronik,Süd,7,235.62
2025-11-06,Monitor,Elektronik,Süd,6,234.89
2025-01-27,Monitor,Elektronik,Ost,1,237.17
2025-03-15,Smartphone,Elektronik,Nord,6,529.52
2025-08-21,Laptop,Elektronik,Ost,3,909.29
2025-01-31,Tastatur,Zubehör,West,3,47.17
2025-05-29,Smartphone,Elektronik,West,6,557.11
2025-10-18,Laptop,Elektronik,Ost,2,794.93
2025-07-09,Tastatur,Zubehör,Nord,3,45.52
2025-07-26,Smartphone,Elektronik,Süd,3,541.96
2025-12-02,Tastatur,Zubehör,Süd,5,48.1
2025-08-07,Maus,Zubehör,Nord,5,23.35
2025-06-28,Tastatur,Zubehör,Süd,14,46.23
2025-10-10,Tastatur,Zubehör,West,6,46.89
2025-08-20,Monitor,Elektronik,Süd,4,217.4
2025-04-25,Maus,Zubehör,West,5,24.75
2025-09-27,Monitor,Elektronik,Ost,2,246.05
2025-07-21,Monitor,Elektronik,Süd,6,225.45
2025-08-26,Maus,Zubehör,Ost,18,23.47
2025-12-14,Monitor,Elektronik,Ost,6,216.09
2025-06-24,Smartphone,Elektronik,Ost,4,516.2
2025-01-05,Tastatur,Zubehör,Süd,13,44.7
2025-04-26,Smartphone,Elektronik,Süd,4,543.4
2025-12-02,Smartphone,Elektronik,West,1,551.55
2025-09-07,Monitor,Elektronik,West,1,248.37
2025-02-08,Laptop,Elektronik,Ost,4,794.3
2025-09-06,Maus,Zubehör,Nord,7,23.57
2025-03-29,Maus,Zubehör,Nord,16,26.64
2025-04-16,Tastatur,Zubehör,Nord,2,41.77
2025-01-02,Maus,Zubehör,West,13,23.95
2025-04-16,Maus,Zubehör,Nord,15,26.71
2025-10-20,Laptop,Elektronik,Ost,4,895.97
2025-06-12,Laptop,Elektronik,Nord,1,850.62
2025-02-15,Smartphone,Elektronik,Ost,5,549.21
2025-06-13,Laptop,Elektronik,Ost,1,818.82
2025-03-12,Laptop,Elektronik,West,4,865.17
2025-07-05,Laptop,Elektronik,Ost,1,902.24
2025-01-16,Smartphone,Elektronik,Nord,5,486.03
2025-10-09,Laptop,Elektronik,West,3,888.64
2025-06-17,Monitor,Elektronik,Ost,5,216.94
2025-04-01,Maus,Zubehör,Süd,10,25.8
2025-07-30,Monitor,Elektronik,West,5,217.06
2025-06-18,Smartphone,Elektronik,Süd,6,488.32
2025-06-23,Maus,Zubehör,Süd,5,24.22
2025-08-13,Smartphone,Elektronik,Ost,3,512.66
2025-08-20,Laptop,Elektronik,Nord,3,862.01
2025-08-08,Monitor,Elektronik,Nord,3,229.05
2025-06-02,Laptop,Elektronik,Ost,2,858.94
2025-08-04,Tastatur,Zubehör,Ost,10,43.68
2025-08-27,Monitor,Elektronik,Süd,6,227.48
2025-07-13,Tastatur,Zubehör,Süd,15,46.7
2025-07-07,Smartphone,Elektronik,West,6,520.3
2025-09-25,Smartphone,Elektronik,West,2,548.07
2025-04-25,Monitor,Elektronik,Nord,4,214.25
2025-11-14,Maus,Zubehör,Nord,4,24.34
2025-04-13,Smartphone,Elektronik,Süd,2,540.19
2025-11-26,Laptop,Elektronik,West,4,832.63
2025-11-09,Tastatur,Zubehör,Ost,4,42.26
2025-07-05,Monitor,Elektronik,West,1,240.01
2025-12-30,Smartphone,Elektronik,Ost,2,537.09
2025-10-02,Monitor,Elektronik,Ost,3,219.29
2025-01-04,Tastatur,Zubehör,Nord,9,42.59
2025-06-02,Maus,Zubehör,West,20,26.36
2025-07-22,Maus,Zubehör,Nord,20,24.79
2025-11-04,Monitor,Elektronik,Nord,6,227.56
2025-10-03,Smartphone,Elektronik,Nord,3,493.45
2025-03-31,Maus,Zubehör,Nord,14,24.17
2025-03-26,Laptop,Elektronik,Ost,3,849.09
2025-01-06,Laptop,Elektronik,Nord,5,868.71
2025-11-04,Smartphone,Elektronik,Ost,4,541.87
2025-08-13,Laptop,Elektronik,Süd,4,828.03
2025-07-16,Maus,Zubehör,Süd,18,26.07
2025-09-09,Maus,Zubehör,Süd,10,25.35
2025-11-28,Laptop,Elektronik,Süd,5,849.84
2025-11-06,Smartphone,Elektronik,Nord,1,554.72
2025-05-26,Tastatur,Zubehör,Nord,10,43.84
2025-04-26,Laptop,Elektronik,Nord,4,842.96
2025-12-05,Smartphone,Elektronik,Ost,2,479.01
2025-06-01,Monitor,Elektronik,Ost,4,247.73
2025-08-20,Maus,Zubehör,Süd,14,26.05
2025-08-26,Maus,Zubehör,Ost,8,26.13
2025-12-18,Smartphone,Elektronik,Nord,6,539.34
2025-10-23,Smartphone,Elektronik,Ost,6,559.09
2025-08-27,Laptop,Elektronik,Süd,5,881.79
2025-12-21,Tastatur,Zubehör,Süd,2,
2025-02-15,Smartphone,Elektronik,Süd,5,560.4
2025-11-10,Smartphone,Elektronik,West,2,544.43
2025-05-31,Tastatur,Zubehör,Ost,3,47.17
2025-04-08,Maus,Zubehör,West,7,24.49
2025-01-14,Maus,Zubehör,Nord,3,25.7
2025-10-06,Tastatur,Zubehör,West,2,46.72
2025-11-12,Monitor,Elektronik,Nord,6,220.23
2025-02-07,Tastatur,Zubehör,West,8,45.11
2025-01-02,Monitor,Elektronik,Nord,5,226.37
2025-09-13,Maus,Zubehör,Ost,7,26.41
2025-03-28,Smartphone,Elektronik,West,3,503.27
2025-09-17,Smartphone,Elektronik,Süd,1,552.16
2025-04-11,Maus,Zubehör,Nord,6,24.37
2025-06-14,Tastatur,Zubehör,West,9,43.53
2025-12-31,Tastatur,Zubehör,Nord,7,45.54
2025-03-10,Maus,Zubehör,Ost,16,24.57
2025-08-06,Smartphone,Elektronik,Süd,6,489.58
2025-02-07,Monitor,Elektronik,Nord,3,212.25
2025-03-15,Monitor,Elektronik,Ost,4,224.23
2025-06-14,Smartphone,Elektronik,West,6,523.4
2025-10-02,Maus,Zubehör,West,8,23.94
2025-07-24,Monitor,Elektronik,West,3,238.92
2025-07-13,Monitor,Elektronik,Ost,5,222.62
2025-11-08,Monitor,Elektronik,Süd,2,243.77
2025-02-26,Laptop,Elektronik,Ost,2,889.71
2025-08-02,Tastatur,Zubehör,Süd,14,48.56
2025-06-23,Smartphone,Elektronik,West,5,553.49
2025-04-08,Tastatur,Zubehör,Nord,4,42.13
2025-07-25,Smartphone,Elektronik,West,4,521.06
2025-12-08,Smartphone,Elektronik,Nord,6,486.97
2025-12-17,Monitor,Elektronik,Nord,1,214.01
2025-12-26,Smartphone,Elektronik,Süd,5,482.64
2025-04-25,Maus,Zubehör,Süd,5,23.24
2025-11-24,Tastatur,Zubehör,Nord,15,44.24
2025-04-21,Monitor,Elektronik,Nord,3,215.72
2025-06-01,Maus,Zubehör,Nord,4,24.96
2025-07-05,Laptop,Elektronik,Süd,2,888.16
2025-06-20,Maus,Zubehör,Süd,7,23.97
2025-04-28,Maus,Zubehör,Ost,11,23.91
2025-09-29,Monitor,Elektronik,West,4,228.56
2025-01-18,Maus,Zubehör,Nord,15,23.19
2025-04-27,Laptop,Elektronik,West,1,807.61
2025-01-04,Maus,Zubehör,Nord,3,25.48
2025-06-23,Monitor,Elektronik,Ost,2,242.86
2025-08-04,Smartphone,Elektronik,West,1,529.91
2025-06-17,Laptop,Elektronik,West,5,816.58
2025-11-09,Monitor,Elektronik,Süd,7,233.81
2025-11-28,Maus,Zubehör,Süd,16,24.27
2025-10-24,Smartphone,Elektronik,Ost,5,496.4
2025-07-08,Smartphone,Elektronik,Süd,5,480.88
2025-01-29,Tastatur,Zubehör,Nord,6,42.59
2025-08-29,Tastatur,Zubehör,Ost,6,43.68
2025-09-27,Laptop,Elektronik,Ost,5,799.14
2025-10-11,Laptop,Elektronik,Ost,1,850.99
2025-03-05,Laptop,Elektronik,Nord,5,784.25
2025-07-21,Maus,Zubehör,Ost,9,26.59
2025-02-16,Laptop,Elektronik,Süd,5,866.56
2025-03-08,Monitor,Elektronik,Nord,4,222.45
2025-08-06,Monitor,Elektronik,West,5,212.27
2025-01-19,Smartphone,Elektronik,Nord,6,499.5
2025-11-15,Tastatur,Zubehör,Ost,10,44.25
2025-10-02,Tastatur,Zubehör,Ost,12,46.86
2025-07-26,Tastatur,Zubehör,Süd,15,45.1
2025-08-18,Tastatur,Zubehör,Süd,12,47.19
2025-07-07,Maus,Zubehör,Süd,11,25.56
